<?xml version="1.0" encoding="utf-8" standalone="yes" ?> 

<TextImport>
  <KnownRowsets>

    <Rowset name="tbl_IMPORTEDFILES" enabled="true" identifier="-- Script Source --" type="RowsetImportEngine.TextRowset">
      <KnownColumns>
        <Column name="script_name" type="RowsetImportEngine.VarCharColumn" length="80" definetoken="SCRIPTNAME" /> 
        <Column name="revision" type="RowsetImportEngine.VarCharColumn" length="40" definetoken="REVISION" /> 
        <Column name="imported_by" type="RowsetImportEngine.VarCharColumn" length="80" valuetoken="USERNAME" /> 
        <Column name="imported_date" type="RowsetImportEngine.VarCharColumn" length="32" valuetoken="IMPORTDATE" /> 
        <Column name="input_file_name" type="RowsetImportEngine.VarCharColumn" length="512" valuetoken="INPUTFILENAME" /> 
      </KnownColumns>
    </Rowset>

    <Rowset name="tbl_SCRIPT_ENVIRONMENT_DETAILS" enabled="true" identifier="-- Script and Environment Details --" type="RowsetImportEngine.TextRowset">
      <KnownColumns>
        <Column name="script_name" type="RowsetImportEngine.VarCharColumn" length="80" valuetoken="SCRIPTNAME" /> 
        <Column name="Name" type="RowsetImportEngine.VarCharColumn" length="60"  /> 
        <Column name="Value" type="RowsetImportEngine.NVarCharColumn" length="256"  /> 
      </KnownColumns>
    </Rowset>

    <Rowset name="tbl_SYSPERFINFO" enabled="true" identifier="-- sysperfinfo" type="RowsetImportEngine.TextRowset">
      <KnownColumns>
        <Column name="rownum" type="RowsetImportEngine.BigIntColumn" length="24" valuetoken="ROWNUMBER" />
        <Column name="runtime" type="RowsetImportEngine.DateTimeColumn" />
        <Column name="object_name" type="RowsetImportEngine.VarCharColumn" />
        <Column name="counter_name" type="RowsetImportEngine.VarCharColumn" />
        <Column name="instance_name" type="RowsetImportEngine.VarCharColumn" />
        <Column name="cntr_value" type="RowsetImportEngine.BigIntColumn" />
	  </KnownColumns>
    </Rowset>

    <Rowset name="tbl_SYSPERFINFO" enabled="true" identifier="-- sysperfinfo" type="RowsetImportEngine.TextRowset">
      <KnownColumns>
        <Column name="rownum" type="RowsetImportEngine.BigIntColumn" length="24" valuetoken="ROWNUMBER" />
        <Column name="runtime" type="RowsetImportEngine.DateTimeColumn" />
        <Column name="object_name" type="RowsetImportEngine.VarCharColumn" />
        <Column name="counter_name" type="RowsetImportEngine.VarCharColumn" />
        <Column name="instance_name" type="RowsetImportEngine.VarCharColumn" />
        <Column name="cntr_value" type="RowsetImportEngine.BigIntColumn" />
	  </KnownColumns>
    </Rowset>

	  <Rowset name="tbl_SQL_CPU_HEALTH" enabled="true" identifier="-- Recent SQL Processor Utilization (Health Records) --" type="RowsetImportEngine.TextRowset">
		  <KnownColumns>
			  <Column name="rownum" type="RowsetImportEngine.BigIntColumn" length="24" valuetoken="ROWNUMBER" />
			  <Column name="runtime" type="RowsetImportEngine.DateTimeColumn" />
			  <Column name="record_id" type="RowsetImportEngine.IntColumn" />
			  <Column name="EventTime" type="RowsetImportEngine.DateTimeColumn" />
			  <Column name="system_idle_cpu" type="RowsetImportEngine.IntColumn" />
			  <Column name="sql_cpu_utilization" type="RowsetImportEngine.IntColumn" />
		  </KnownColumns>
	  </Rowset>


    <Rowset name="tbl_RUNTIMES" enabled="true" identifier="Start time:" type="RowsetImportEngine.SimpleMessageRowset">
      <KnownColumns>
        <Column name="rownum" type="RowsetImportEngine.BigIntColumn" length="24" valuetoken="ROWNUMBER" /> 
        <Column name="runtime" type="RowsetImportEngine.DateTimeColumn" length="24" definetoken="RUNTIME" /> 
        <Column name="source_script" type="RowsetImportEngine.VarCharColumn" length="80" valuetoken="SCRIPTNAME" /> 
      </KnownColumns>
    </Rowset>

    <Rowset name="tbl_DEBUGPRINT" enabled="true" identifier="DebugPrint:" type="RowsetImportEngine.SimpleMessageRowset">
      <KnownColumns>
        <Column name="rownum" type="RowsetImportEngine.BigIntColumn" length="24" valuetoken="ROWNUMBER" /> 
        <Column name="runtime" type="RowsetImportEngine.VarCharColumn" length="24" valuetoken="RUNTIME"/> 
        <Column name="source_script" type="RowsetImportEngine.VarCharColumn" length="80" valuetoken="SCRIPTNAME" /> 
        <Column name="debug_message" type="RowsetImportEngine.VarCharColumn" length="4000" /> 
      </KnownColumns>
    </Rowset>

    <Rowset name="tbl_WAITSTATS" enabled="true" identifier="DBCC SQLPERF(WAITSTATS)" type="RowsetImportEngine.TextRowset">
      <KnownColumns>
        <Column name="rownum" type="RowsetImportEngine.BigIntColumn" length="24" valuetoken="ROWNUMBER" /> 
        <Column name="runtime" type="RowsetImportEngine.DateTimeColumn" valuetoken="RUNTIME" /> 
        <Column name="Requests" type="RowsetImportEngine.FloatColumn" /> 
        <Column name="Wait Time" type="RowsetImportEngine.FloatColumn" /> 
        <Column name="Signal Wait Time" type="RowsetImportEngine.FloatColumn" /> 
      </KnownColumns>
    </Rowset>

    <Rowset name="tbl_SYSPROCESSES" enabled="true" identifier="SYSPROCESSES" type="RowsetImportEngine.TextRowset">
      <KnownColumns>
        <Column name="rownum" type="RowsetImportEngine.BigIntColumn" length="24" valuetoken="ROWNUMBER" /> 
        <Column name="runtime" type="RowsetImportEngine.DateTimeColumn" valuetoken="RUNTIME" /> 
        <Column name="spid" type="RowsetImportEngine.IntColumn" /> 
        <Column name="blocked" type="RowsetImportEngine.IntColumn" /> 
        <Column name="open_tran" type="RowsetImportEngine.IntColumn" /> 
        <Column name="program_name" type="RowsetImportEngine.NVarCharColumn" /> 
        <Column name="waittime" type="RowsetImportEngine.IntColumn" /> 
        <Column name="waittype" type="RowsetImportEngine.VarBinaryColumn" /> 
        <Column name="cpu" type="RowsetImportEngine.BigIntColumn" /> 
        <Column name="physical_io" type="RowsetImportEngine.BigIntColumn" /> 
        <Column name="memusage" type="RowsetImportEngine.IntColumn" /> 
        <Column name="dbid" type="RowsetImportEngine.IntColumn" /> 
        <Column name="ecid" type="RowsetImportEngine.IntColumn" /> 
        <Column name="kpid" type="RowsetImportEngine.IntColumn" /> 
      </KnownColumns>
    </Rowset>

    <Rowset name="tbl_INPUTBUFFERS" enabled="true" identifier="DBCC INPUTBUFFER FOR SPID" type="RowsetImportEngine.InputbuffersRowset">
      <KnownColumns>
        <Column name="rownum" type="RowsetImportEngine.BigIntColumn" length="24" valuetoken="ROWNUMBER" /> 
        <Column name="runtime" type="RowsetImportEngine.DateTimeColumn" valuetoken="RUNTIME" /> 
        <Column name="spid" type="RowsetImportEngine.IntColumn" rowsetlevel="true" /> 
        <Column name="EventType" type="RowsetImportEngine.VarCharColumn" length="20" /> 
        <Column name="Parameters" type="RowsetImportEngine.IntColumn" /> 
        <Column name="EventInfo" type="RowsetImportEngine.VarCharColumn" length="4000" /> 
      </KnownColumns>
    </Rowset>

    <Rowset name="tbl_DBCC_OPENTRAN_RAW" enabled="true" identifier="DBCC OPENTRAN FOR" type="RowsetImportEngine.DbccOpentranRowset">
      <KnownColumns>
        <Column name="rownum" type="RowsetImportEngine.BigIntColumn" length="24" valuetoken="ROWNUMBER" /> 
        <Column name="runtime" type="RowsetImportEngine.DateTimeColumn" valuetoken="RUNTIME" /> 
        <Column name="dbid" type="RowsetImportEngine.BigIntColumn" rowsetlevel="true" /> 
        <Column name="TranInfo" type="RowsetImportEngine.NVarCharColumn" length="2000" /> 
      </KnownColumns>
    </Rowset>

    <Rowset name="tbl_SYSLOCKINFO" enabled="false" identifier="SYSLOCKINFO" type="RowsetImportEngine.TextRowset">
      <KnownColumns>
        <Column name="rownum" type="RowsetImportEngine.BigIntColumn" length="24" valuetoken="ROWNUMBER" /> 
        <Column name="runtime" type="RowsetImportEngine.DateTimeColumn" valuetoken="RUNTIME" /> 
        <Column name="spid" type="RowsetImportEngine.IntColumn" /> 
        <Column name="ecid" type="RowsetImportEngine.IntColumn" /> 
        <Column name="dbid" type="RowsetImportEngine.IntColumn" /> 
        <Column name="ObjId" type="RowsetImportEngine.IntColumn" /> 
        <Column name="IndId" type="RowsetImportEngine.IntColumn" /> 
        <Column name="TransID" type="RowsetImportEngine.BigIntColumn" /> 
      </KnownColumns>
    </Rowset>

    <Rowset name="tbl_UMSSTATS" enabled="true" identifier="Statistic                        Value" type="RowsetImportEngine.TextRowset">
      <KnownColumns>
        <Column name="rownum" type="RowsetImportEngine.BigIntColumn" length="24" valuetoken="ROWNUMBER" /> 
        <Column name="runtime" type="RowsetImportEngine.DateTimeColumn" valuetoken="RUNTIME" /> 
      </KnownColumns>
    </Rowset>

    <Rowset name="tbl_SPINLOCKSTATS" enabled="true" identifier="Spins/Collision" type="RowsetImportEngine.TextRowset">
      <KnownColumns>
        <Column name="rownum" type="RowsetImportEngine.BigIntColumn" length="24" valuetoken="ROWNUMBER" /> 
        <Column name="runtime" type="RowsetImportEngine.DateTimeColumn" valuetoken="RUNTIME" /> 
      </KnownColumns>
    </Rowset>

    <Rowset name="tbl_MEMORYSTATUS_BUF_DISTRIBUTION" enabled="true" identifier="Buffer Distribution" type="RowsetImportEngine.TextRowset">
      <KnownColumns>
        <Column name="rownum" type="RowsetImportEngine.BigIntColumn" length="24" valuetoken="ROWNUMBER" /> 
        <Column name="runtime" type="RowsetImportEngine.DateTimeColumn" valuetoken="RUNTIME" /> 
        <Column name="Buffers" type="RowsetImportEngine.IntColumn" /> 
      </KnownColumns>
    </Rowset>
    <Rowset name="tbl_MEMORYSTATUS_BUF_COUNTS" enabled="true" identifier="Buffer Counts" type="RowsetImportEngine.TextRowset">
      <KnownColumns>
        <Column name="rownum" type="RowsetImportEngine.BigIntColumn" length="24" valuetoken="ROWNUMBER" /> 
        <Column name="runtime" type="RowsetImportEngine.DateTimeColumn" valuetoken="RUNTIME" /> 
        <Column name="Buffers" type="RowsetImportEngine.IntColumn" /> 
      </KnownColumns>
    </Rowset>
    <Rowset name="tbl_MEMORYSTATUS_PROC_CACHE" enabled="true" identifier="Procedure Cache" type="RowsetImportEngine.TextRowset">
      <KnownColumns>
        <Column name="rownum" type="RowsetImportEngine.BigIntColumn" length="24" valuetoken="ROWNUMBER" /> 
        <Column name="runtime" type="RowsetImportEngine.DateTimeColumn" valuetoken="RUNTIME" /> 
        <Column name="Value" type="RowsetImportEngine.IntColumn" /> 
      </KnownColumns>
    </Rowset>
    <Rowset name="tbl_MEMORYSTATUS_DYNAMIC_MEM_MGR" enabled="true" identifier="Dynamic Memory Manager" type="RowsetImportEngine.TextRowset">
      <KnownColumns>
        <Column name="rownum" type="RowsetImportEngine.BigIntColumn" length="24" valuetoken="ROWNUMBER" /> 
        <Column name="runtime" type="RowsetImportEngine.DateTimeColumn" valuetoken="RUNTIME" /> 
        <Column name="Buffers" type="RowsetImportEngine.IntColumn" /> 
      </KnownColumns>
    </Rowset>
    <Rowset name="tbl_MEMORYSTATUS_GLOBAL_MEM_OBJ" enabled="true" identifier="Global Memory Objects" type="RowsetImportEngine.TextRowset">
      <KnownColumns>
        <Column name="rownum" type="RowsetImportEngine.BigIntColumn" length="24" valuetoken="ROWNUMBER" /> 
        <Column name="runtime" type="RowsetImportEngine.DateTimeColumn" valuetoken="RUNTIME" /> 
        <Column name="Buffers" type="RowsetImportEngine.IntColumn" /> 
      </KnownColumns>
    </Rowset>
    <Rowset name="tbl_MEMORYSTATUS_QUERY_MEM_OBJ" enabled="true" identifier="Query Memory Objects" type="RowsetImportEngine.TextRowset">
      <KnownColumns>
        <Column name="rownum" type="RowsetImportEngine.BigIntColumn" length="24" valuetoken="ROWNUMBER" /> 
        <Column name="runtime" type="RowsetImportEngine.DateTimeColumn" valuetoken="RUNTIME" /> 
        <Column name="Value" type="RowsetImportEngine.IntColumn" /> 
      </KnownColumns>
    </Rowset>
    <Rowset name="tbl_MEMORYSTATUS_OPTIMIZATION_QUEUE" enabled="true" identifier="Optimization Queue" type="RowsetImportEngine.TextRowset">
      <KnownColumns>
        <Column name="rownum" type="RowsetImportEngine.BigIntColumn" length="24" valuetoken="ROWNUMBER" /> 
        <Column name="runtime" type="RowsetImportEngine.DateTimeColumn" valuetoken="RUNTIME" /> 
        <Column name="Value" type="RowsetImportEngine.IntColumn" /> 
      </KnownColumns>
    </Rowset>

    <Rowset name="tbl_ERRORLOGS_RAW" enabled="true" identifier="--make it invalid ContinuationRow" type="RowsetImportEngine.TextRowset">
      <KnownColumns>
        <Column name="rownum" type="RowsetImportEngine.BigIntColumn" length="24" valuetoken="ROWNUMBER" /> 
      </KnownColumns>
    </Rowset>

    <Rowset name="tbl_SPCONFIGURE" enabled="true" identifier="sp_configure" type="RowsetImportEngine.TextRowset">
    </Rowset>

    <Rowset name="tbl_Sysdatabases" enabled="true" identifier="-> sysdatabases" type="RowsetImportEngine.TextRowset">
    </Rowset>

    <Rowset name="tbl_loaded_modules" enabled="true" identifier="-> sys.dm_os_loaded_modules" type="RowsetImportEngine.TextRowset">
    </Rowset>

    <Rowset name="tbl_sysaltfiles" enabled="true" identifier="--> sysaltfiles" type="RowsetImportEngine.TextRowset">
    </Rowset>

    <Rowset name="tbl_StartupParameters" enabled="true" identifier="--Startup Parameters--" type="RowsetImportEngine.TextRowset">
      
    </Rowset>




    <Rowset name="tbl_SPHELPDB" enabled="true" identifier="sp_helpdb" type="RowsetImportEngine.TextRowset">
    </Rowset>

    <Rowset name="tbl_XPMSVER" enabled="true" identifier="xp_msver" type="RowsetImportEngine.TextRowset">
        <Column name="Index" type="RowsetImportEngine.IntColumn" /> 
        <Column name="Internal_Value" type="RowsetImportEngine.BigIntColumn" /> 
    </Rowset>

    <Rowset name="tbl_REQUESTS" enabled="true" identifier="-- requests" type="RowsetImportEngine.TextRowset">
        <Column name="rownum" type="RowsetImportEngine.BigIntColumn" length="24" valuetoken="ROWNUMBER" /> 
        <Column name="runtime" type="RowsetImportEngine.DateTimeColumn" /> 
        <Column name="session_id" type="RowsetImportEngine.IntColumn" /> 
        <Column name="ecid" type="RowsetImportEngine.IntColumn" /> 
        <Column name="blocking_session_id" type="RowsetImportEngine.IntColumn" /> 
        <Column name="blocking_ecid" type="RowsetImportEngine.IntColumn" /> 
        <Column name="wait_duration_ms" type="RowsetImportEngine.BigIntColumn" /> 
        <Column name="open_trans" type="RowsetImportEngine.IntColumn" /> 
        <Column name="is_user_process" type="RowsetImportEngine.IntColumn" /> 
        <Column name="request_cpu_time" type="RowsetImportEngine.BigIntColumn" /> 
        <Column name="request_logical_reads" type="RowsetImportEngine.BigIntColumn" /> 
        <Column name="request_reads" type="RowsetImportEngine.BigIntColumn" /> 
        <Column name="request_writes" type="RowsetImportEngine.BigIntColumn" /> 
        <Column name="memory_usage" type="RowsetImportEngine.IntColumn" /> 
        <Column name="session_cpu_time" type="RowsetImportEngine.BigIntColumn" /> 
        <Column name="session_reads" type="RowsetImportEngine.BigIntColumn" /> 
        <Column name="session_writes" type="RowsetImportEngine.BigIntColumn" /> 
        <Column name="session_logical_reads" type="RowsetImportEngine.BigIntColumn" /> 
        <Column name="total_scheduled_time" type="RowsetImportEngine.BigIntColumn" /> 
        <Column name="last_request_start_time" type="RowsetImportEngine.DateTimeColumn" /> 
        <Column name="last_request_end_time" type="RowsetImportEngine.DateTimeColumn" /> 
        <Column name="session_row_count" type="RowsetImportEngine.BigIntColumn" /> 
        <Column name="prev_error" type="RowsetImportEngine.IntColumn" /> 
        <Column name="open_resultsets" type="RowsetImportEngine.IntColumn" /> 
        <Column name="request_total_elapsed_time" type="RowsetImportEngine.BigIntColumn" /> 
        <Column name="percent_complete" type="RowsetImportEngine.IntColumn" /> 
        <Column name="estimated_completion_time" type="RowsetImportEngine.BigIntColumn" /> 
        <Column name="transaction_begin_time" type="RowsetImportEngine.DateTimeColumn" /> 
        <Column name="request_start_time" type="RowsetImportEngine.DateTimeColumn" /> 
        <Column name="statement_start_offset" type="RowsetImportEngine.IntColumn" /> 
        <Column name="statement_end_offset" type="RowsetImportEngine.IntColumn" /> 
        <Column name="database_id" type="RowsetImportEngine.IntColumn" /> 
        <Column name="user_id" type="RowsetImportEngine.IntColumn" /> 
        <Column name="executing_managed_code" type="RowsetImportEngine.IntColumn" /> 
        <Column name="pending_io_count" type="RowsetImportEngine.IntColumn" /> 
        <Column name="login_time" type="RowsetImportEngine.DateTimeColumn" /> 
        <Column name="host_process_id" type="RowsetImportEngine.IntColumn" /> 
        <Column name="net_packet_size" type="RowsetImportEngine.IntColumn" /> 
        <Column name="scheduler_id" type="RowsetImportEngine.IntColumn" /> 
        <Column name="is_preemptive" type="RowsetImportEngine.IntColumn" /> 
        <Column name="is_sick" type="RowsetImportEngine.IntColumn" /> 
        <Column name="last_worker_exception" type="RowsetImportEngine.IntColumn" /> 
        <Column name="last_exception_address" type="RowsetImportEngine.VarBinaryColumn" /> 
        <Column name="os_thread_id" type="RowsetImportEngine.IntColumn" /> 
    </Rowset>

    <Rowset name="tbl_NOTABLEACTIVEQUERIES" enabled="true" identifier="-- notableactivequeries" type="RowsetImportEngine.TextRowset">
        <Column name="rownum" type="RowsetImportEngine.BigIntColumn" length="24" valuetoken="ROWNUMBER" /> 
        <Column name="runtime" type="RowsetImportEngine.DateTimeColumn" /> 
        <Column name="session_id" type="RowsetImportEngine.IntColumn" /> 
        <Column name="ecid" type="RowsetImportEngine.IntColumn" /> 
        <Column name="plan_total_exec_count" type="RowsetImportEngine.BigIntColumn" /> 
        <Column name="plan_total_cpu_ms" type="RowsetImportEngine.BigIntColumn" /> 
        <Column name="plan_total_duration_ms" type="RowsetImportEngine.BigIntColumn" /> 
        <Column name="plan_total_physical_reads" type="RowsetImportEngine.BigIntColumn" /> 
        <Column name="plan_total_logical_writes" type="RowsetImportEngine.BigIntColumn" /> 
        <Column name="plan_total_logical_reads" type="RowsetImportEngine.BigIntColumn" /> 
        <Column name="objectid" type="RowsetImportEngine.IntColumn" /> 
    </Rowset>

    <Rowset name="tbl_HEADBLOCKERSUMMARY" enabled="true" identifier="-- headblockersummary" type="RowsetImportEngine.TextRowset">
        <Column name="rownum" type="RowsetImportEngine.BigIntColumn" length="24" valuetoken="ROWNUMBER" /> 
        <Column name="runtime" type="RowsetImportEngine.DateTimeColumn" /> 
        <Column name="head_blocker_session_id" type="RowsetImportEngine.IntColumn" /> 
        <Column name="blocked_task_count" type="RowsetImportEngine.IntColumn" /> 
        <Column name="tot_wait_duration_ms" type="RowsetImportEngine.BigIntColumn" /> 
        <Column name="avg_wait_duration_ms" type="RowsetImportEngine.BigIntColumn" /> 
        <Column name="max_wait_duration_ms" type="RowsetImportEngine.BigIntColumn" /> 
        <Column name="max_blocking_chain_depth" type="RowsetImportEngine.IntColumn" /> 
    </Rowset>

    <Rowset name="tbl_OS_WAIT_STATS" enabled="true" identifier="-- dm_os_wait_stats" type="RowsetImportEngine.TextRowset">
        <Column name="rownum" type="RowsetImportEngine.BigIntColumn" length="24" valuetoken="ROWNUMBER" /> 
        <Column name="runtime" type="RowsetImportEngine.DateTimeColumn" /> 
        <Column name="waiting_tasks_count" type="RowsetImportEngine.BigIntColumn" /> 
        <Column name="wait_time_ms" type="RowsetImportEngine.BigIntColumn" /> 
        <Column name="max_wait_time_ms" type="RowsetImportEngine.BigIntColumn" /> 
        <Column name="signal_wait_time_ms" type="RowsetImportEngine.BigIntColumn" /> 
    </Rowset>

    <Rowset name="tbl_SYSOBJECTS" enabled="true" identifier="-- .dbo.sysobjects" type="RowsetImportEngine.TextRowset">
        <Column name="dbid" type="RowsetImportEngine.IntColumn" /> 
        <Column name="id" type="RowsetImportEngine.IntColumn" /> 
        <Column name="type" type="RowsetImportEngine.VarCharColumn" /> 
        <Column name="name" type="RowsetImportEngine.NVarCharColumn" /> 
        <Column name="xtype" type="RowsetImportEngine.VarCharColumn" /> 
        <Column name="uid" type="RowsetImportEngine.IntColumn" /> 
        <Column name="status" type="RowsetImportEngine.IntColumn" /> 
    </Rowset>


    <Rowset name="tbl_RDTSCTEST" enabled="true" identifier="-- Current CPU Speeds --" type="RowsetImportEngine.TextRowset">
        <Column name="rownum" type="RowsetImportEngine.BigIntColumn" length="24" valuetoken="ROWNUMBER" /> 
        <Column name="runtime" type="RowsetImportEngine.DateTimeColumn" /> 
        <Column name="CPU" type="RowsetImportEngine.IntColumn" /> 
        <Column name="ExpectedMHz" type="RowsetImportEngine.IntColumn" /> 
        <Column name="ActualMHz" type="RowsetImportEngine.IntColumn" /> 
        <Column name="RDSCTicks" type="RowsetImportEngine.VarBinaryColumn" /> 
        <Column name="DriftMS" type="RowsetImportEngine.DecimalColumn" /> 
    </Rowset>

	  <Rowset name="tbl_DM_OS_MEMORY_CLERKS" enabled="true" identifier="-- sys.dm_os_memory_clerks" type="RowsetImportEngine.TextRowset">
		  <KnownColumns>
			  <Column name="rownum" type="RowsetImportEngine.BigIntColumn" length="24" valuetoken="ROWNUMBER" />
			  <Column name="runtime" type="RowsetImportEngine.DateTimeColumn" />
			  <Column name="memory_clerk_address"       type="RowsetImportEngine.VarCharColumn" />
			  <Column name="type"    type="RowsetImportEngine.VarCharColumn" />
			  <Column name="name"  type="RowsetImportEngine.VarCharColumn" />
			  <Column name="memory_node_id"   type="RowsetImportEngine.IntColumn" />
			  <Column name="single_pages_kb" type="RowsetImportEngine.BigIntColumn" />
			  <Column name="multi_pages_kb"  type="RowsetImportEngine.BigIntColumn" />
			  <Column name="virtual_memory_reserved_kb"     type="RowsetImportEngine.BigIntColumn" />
			  <Column name="virtual_memory_committed_kb"   type="RowsetImportEngine.BigIntColumn" />
			  <Column name="awe_allocated_kb"   type="RowsetImportEngine.BigIntColumn" />
			  <Column name="shared_memory_reserved_kb"   type="RowsetImportEngine.BigIntColumn" />
			  <Column name="shared_memory_committed_kb"   type="RowsetImportEngine.BigIntColumn" />
			  <Column name="page_size_bytes"   type="RowsetImportEngine.IntColumn" />
			  <Column name="page_allocator_address"   type="RowsetImportEngine.VarCharColumn" />
			  <Column name="host_address"   type="RowsetImportEngine.VarCharColumn" />
		  </KnownColumns>
	  </Rowset>

    <Rowset name="tbl_DM_OS_MEMORY_CLERKS" enabled="true" identifier="-- dm_os_memory_clerks" type="RowsetImportEngine.TextRowset">
      <KnownColumns>
        <Column name="rownum" type="RowsetImportEngine.BigIntColumn" length="24" valuetoken="ROWNUMBER" /> 
        <Column name="runtime" type="RowsetImportEngine.DateTimeColumn" /> 
        <Column name="memory_clerk_address"       type="RowsetImportEngine.VarCharColumn" /> 
        <Column name="type"    type="RowsetImportEngine.VarCharColumn" /> 
        <Column name="name"  type="RowsetImportEngine.VarCharColumn" /> 
        <Column name="memory_node_id"   type="RowsetImportEngine.IntColumn" /> 
        <Column name="single_pages_kb" type="RowsetImportEngine.BigIntColumn" /> 
        <Column name="multi_pages_kb"  type="RowsetImportEngine.BigIntColumn" /> 
        <Column name="virtual_memory_reserved_kb"     type="RowsetImportEngine.BigIntColumn" /> 
        <Column name="virtual_memory_committed_kb"   type="RowsetImportEngine.BigIntColumn" /> 
        <Column name="awe_allocated_kb"   type="RowsetImportEngine.BigIntColumn" /> 
        <Column name="shared_memory_reserved_kb"   type="RowsetImportEngine.BigIntColumn" /> 
        <Column name="shared_memory_committed_kb"   type="RowsetImportEngine.BigIntColumn" /> 
        <Column name="page_size_bytes"   type="RowsetImportEngine.IntColumn" /> 
        <Column name="page_allocator_address"   type="RowsetImportEngine.VarCharColumn" /> 
        <Column name="host_address"   type="RowsetImportEngine.VarCharColumn" /> 
      </KnownColumns>
    </Rowset>

    <Rowset name="tbl_DM_OS_MEMORY_CACHE_COUNTERS" enabled="true" identifier="-- dm_os_memory_cache_counters" type="RowsetImportEngine.TextRowset">
      <KnownColumns>
        <Column name="rownum" type="RowsetImportEngine.BigIntColumn" length="24" valuetoken="ROWNUMBER" /> 
        <Column name="runtime" type="RowsetImportEngine.DateTimeColumn" /> 
        <Column name="cache_address"       type="RowsetImportEngine.VarCharColumn" /> 
        <Column name="name"  type="RowsetImportEngine.VarCharColumn" /> 
        <Column name="type"    type="RowsetImportEngine.VarCharColumn" /> 
        <Column name="single_pages_kb" type="RowsetImportEngine.BigIntColumn" /> 
        <Column name="multi_pages_kb"  type="RowsetImportEngine.BigIntColumn" /> 
        <Column name="single_pages_in_use_kb" type="RowsetImportEngine.BigIntColumn" /> 
        <Column name="multi_pages_in_use_kb"  type="RowsetImportEngine.BigIntColumn" /> 
        <Column name="entries_count"   type="RowsetImportEngine.BigIntColumn" /> 
        <Column name="entries_in_use_count"   type="RowsetImportEngine.BigIntColumn" /> 
      </KnownColumns>
    </Rowset>

	  <Rowset name="tbl_DM_OS_MEMORY_CACHE_COUNTERS" enabled="true" identifier="-- sys.dm_os_memory_cache_counters" type="RowsetImportEngine.TextRowset">
		  <KnownColumns>
			  <Column name="rownum" type="RowsetImportEngine.BigIntColumn" length="24" valuetoken="ROWNUMBER" />
			  <Column name="runtime" type="RowsetImportEngine.DateTimeColumn" />
			  <Column name="cache_address"       type="RowsetImportEngine.VarCharColumn" />
			  <Column name="name"  type="RowsetImportEngine.VarCharColumn" />
			  <Column name="type"    type="RowsetImportEngine.VarCharColumn" />
			  <Column name="single_pages_kb" type="RowsetImportEngine.BigIntColumn" />
			  <Column name="multi_pages_kb"  type="RowsetImportEngine.BigIntColumn" />
			  <Column name="single_pages_in_use_kb" type="RowsetImportEngine.BigIntColumn" />
			  <Column name="multi_pages_in_use_kb"  type="RowsetImportEngine.BigIntColumn" />
			  <Column name="entries_count"   type="RowsetImportEngine.BigIntColumn" />
			  <Column name="entries_in_use_count"   type="RowsetImportEngine.BigIntColumn" />
		  </KnownColumns>
	  </Rowset>
	  
    <Rowset name="tbl_DM_OS_MEMORY_CACHE_CLOCK_HANDS" enabled="true" identifier="-- dm_os_memory_cache_clock_hands" type="RowsetImportEngine.TextRowset">
      <KnownColumns>
        <Column name="rownum" type="RowsetImportEngine.BigIntColumn" length="24" valuetoken="ROWNUMBER" /> 
        <Column name="runtime" type="RowsetImportEngine.DateTimeColumn" /> 
        <Column name="cache_address"       type="RowsetImportEngine.VarCharColumn" /> 
        <Column name="name"  type="RowsetImportEngine.VarCharColumn" /> 
        <Column name="type"    type="RowsetImportEngine.VarCharColumn" /> 
        <Column name="clock_hand"    type="RowsetImportEngine.VarCharColumn" /> 
        <Column name="clock_status"    type="RowsetImportEngine.VarCharColumn" /> 
        <Column name="rounds_count" type="RowsetImportEngine.BigIntColumn" /> 
        <Column name="removed_all_rounds_count"  type="RowsetImportEngine.BigIntColumn" /> 
        <Column name="updated_last_round_count" type="RowsetImportEngine.BigIntColumn" /> 
        <Column name="removed_last_round_count"  type="RowsetImportEngine.BigIntColumn" /> 
        <Column name="last_tick_time"   type="RowsetImportEngine.BigIntColumn" /> 
        <Column name="round_start_time"   type="RowsetImportEngine.BigIntColumn" /> 
        <Column name="last_round_start_time"   type="RowsetImportEngine.BigIntColumn" /> 
      </KnownColumns>
    </Rowset>

	  <Rowset name="tbl_DM_OS_MEMORY_CACHE_CLOCK_HANDS" enabled="true" identifier="-- sys.dm_os_memory_cache_clock_hands" type="RowsetImportEngine.TextRowset">
		  <KnownColumns>
			  <Column name="rownum" type="RowsetImportEngine.BigIntColumn" length="24" valuetoken="ROWNUMBER" />
			  <Column name="runtime" type="RowsetImportEngine.DateTimeColumn" />
			  <Column name="cache_address"       type="RowsetImportEngine.VarCharColumn" />
			  <Column name="name"  type="RowsetImportEngine.VarCharColumn" />
			  <Column name="type"    type="RowsetImportEngine.VarCharColumn" />
			  <Column name="clock_hand"    type="RowsetImportEngine.VarCharColumn" />
			  <Column name="clock_status"    type="RowsetImportEngine.VarCharColumn" />
			  <Column name="rounds_count" type="RowsetImportEngine.BigIntColumn" />
			  <Column name="removed_all_rounds_count"  type="RowsetImportEngine.BigIntColumn" />
			  <Column name="updated_last_round_count" type="RowsetImportEngine.BigIntColumn" />
			  <Column name="removed_last_round_count"  type="RowsetImportEngine.BigIntColumn" />
			  <Column name="last_tick_time"   type="RowsetImportEngine.BigIntColumn" />
			  <Column name="round_start_time"   type="RowsetImportEngine.BigIntColumn" />
			  <Column name="last_round_start_time"   type="RowsetImportEngine.BigIntColumn" />
		  </KnownColumns>
	  </Rowset>

	  <Rowset name="tbl_DM_OS_MEMORY_CACHE_CLOCK_HANDS" enabled="true" identifier="-- sys.dm_os_memory_cache_clock_hands" type="RowsetImportEngine.TextRowset">
		  <KnownColumns>
			  <Column name="rownum" type="RowsetImportEngine.BigIntColumn" length="24" valuetoken="ROWNUMBER" />
			  <Column name="runtime" type="RowsetImportEngine.DateTimeColumn" />
			  <Column name="cache_address"       type="RowsetImportEngine.VarCharColumn" />
			  <Column name="name"  type="RowsetImportEngine.VarCharColumn" />
			  <Column name="type"    type="RowsetImportEngine.VarCharColumn" />
			  <Column name="clock_hand"    type="RowsetImportEngine.VarCharColumn" />
			  <Column name="clock_status"    type="RowsetImportEngine.VarCharColumn" />
			  <Column name="rounds_count" type="RowsetImportEngine.BigIntColumn" />
			  <Column name="removed_all_rounds_count"  type="RowsetImportEngine.BigIntColumn" />
			  <Column name="updated_last_round_count" type="RowsetImportEngine.BigIntColumn" />
			  <Column name="removed_last_round_count"  type="RowsetImportEngine.BigIntColumn" />
			  <Column name="last_tick_time"   type="RowsetImportEngine.BigIntColumn" />
			  <Column name="round_start_time"   type="RowsetImportEngine.BigIntColumn" />
			  <Column name="last_round_start_time"   type="RowsetImportEngine.BigIntColumn" />
		  </KnownColumns>
	  </Rowset>

    <Rowset name="tbl_DM_OS_MEMORY_CACHE_HASH_TABLES" enabled="true" identifier="-- dm_os_memory_cache_hash_tables" type="RowsetImportEngine.TextRowset">
      <KnownColumns>
        <Column name="rownum" type="RowsetImportEngine.BigIntColumn" length="24" valuetoken="ROWNUMBER" /> 
        <Column name="runtime" type="RowsetImportEngine.DateTimeColumn" /> 
        <Column name="cache_address"       type="RowsetImportEngine.VarCharColumn" /> 
        <Column name="name"  type="RowsetImportEngine.VarCharColumn" /> 
        <Column name="type"    type="RowsetImportEngine.VarCharColumn" /> 
        <Column name="table_level"    type="RowsetImportEngine.BigIntColumn" /> 
        <Column name="buckets_count"    type="RowsetImportEngine.BigIntColumn" /> 
        <Column name="buckets_in_use_count" type="RowsetImportEngine.BigIntColumn" /> 
        <Column name="buckets_min_length"  type="RowsetImportEngine.BigIntColumn" /> 
        <Column name="buckets_max_length" type="RowsetImportEngine.BigIntColumn" /> 
        <Column name="buckets_avg_length"  type="RowsetImportEngine.BigIntColumn" /> 
        <Column name="buckets_max_length_ever"   type="RowsetImportEngine.BigIntColumn" /> 
        <Column name="hits_count"   type="RowsetImportEngine.BigIntColumn" /> 
        <Column name="misses_count"   type="RowsetImportEngine.BigIntColumn" /> 
        <Column name="buckets_avg_scan_hit_length"   type="RowsetImportEngine.BigIntColumn" /> 
        <Column name="buckets_avg_scan_miss_length"   type="RowsetImportEngine.BigIntColumn" /> 
      </KnownColumns>
    </Rowset>


	  <Rowset name="tbl_DM_OS_MEMORY_CACHE_HASH_TABLES" enabled="true" identifier="-- sys.dm_os_memory_cache_hash_tables" type="RowsetImportEngine.TextRowset">
		  <KnownColumns>
			  <Column name="rownum" type="RowsetImportEngine.BigIntColumn" length="24" valuetoken="ROWNUMBER" />
			  <Column name="runtime" type="RowsetImportEngine.DateTimeColumn" />
			  <Column name="cache_address"       type="RowsetImportEngine.VarCharColumn" />
			  <Column name="name"  type="RowsetImportEngine.VarCharColumn" />
			  <Column name="type"    type="RowsetImportEngine.VarCharColumn" />
			  <Column name="table_level"    type="RowsetImportEngine.BigIntColumn" />
			  <Column name="buckets_count"    type="RowsetImportEngine.BigIntColumn" />
			  <Column name="buckets_in_use_count" type="RowsetImportEngine.BigIntColumn" />
			  <Column name="buckets_min_length"  type="RowsetImportEngine.BigIntColumn" />
			  <Column name="buckets_max_length" type="RowsetImportEngine.BigIntColumn" />
			  <Column name="buckets_avg_length"  type="RowsetImportEngine.BigIntColumn" />
			  <Column name="buckets_max_length_ever"   type="RowsetImportEngine.BigIntColumn" />
			  <Column name="hits_count"   type="RowsetImportEngine.BigIntColumn" />
			  <Column name="misses_count"   type="RowsetImportEngine.BigIntColumn" />
			  <Column name="buckets_avg_scan_hit_length"   type="RowsetImportEngine.BigIntColumn" />
			  <Column name="buckets_avg_scan_miss_length"   type="RowsetImportEngine.BigIntColumn" />
		  </KnownColumns>
	  </Rowset>
	  

	  <Rowset name="tblErrorlog" enabled="true" identifier="-- ERRORLOG ROWSET" type="RowsetImportEngine.TextRowset">
		  <KnownColumns>
			  <Column name="rownum" type="RowsetImportEngine.BigIntColumn"  valuetoken="ROWNUMBER" />
			  <Column name="C" type="RowsetImportEngine.IntColumn" />
			  <Column name="LogDate" type="RowsetImportEngine.DateTimeColumn" />
			  <Column name="ProcessInfo"       type="RowsetImportEngine.VarCharColumn" />
			  <Column name="Text"  type="RowsetImportEngine.VarCharColumn" />
		  </KnownColumns>
	  </Rowset>

    <Rowset name="tbl_FileStats" enabled="true" identifier="-- File Stats (full)" type="RowsetImportEngine.TextRowset">
      <KnownColumns>
        <Column name="rownum" type="RowsetImportEngine.BigIntColumn"  valuetoken="ROWNUMBER" />
        <Column name="runtime" type="RowsetImportEngine.DateTimeColumn" />
        <Column name="database"       type="RowsetImportEngine.VarCharColumn" />
        <Column name="file"       type="RowsetImportEngine.VarCharColumn" />
        <Column name="DbId"    type="RowsetImportEngine.IntColumn" />
        <Column name="FileId"    type="RowsetImportEngine.IntColumn" />
        <Column name="AvgIOTimeMS"  type="RowsetImportEngine.BigIntColumn" />
        <Column name="TimeStamp"    type="RowsetImportEngine.IntColumn" />
        <Column name="NumberReads"  type="RowsetImportEngine.BigIntColumn" />
        <Column name="BytesRead"  type="RowsetImportEngine.BigIntColumn" />
        <Column name="IoStallReadMS"  type="RowsetImportEngine.BigIntColumn" />
        <Column name="NumberWrites"  type="RowsetImportEngine.BigIntColumn" />
        <Column name="BytesWritten"  type="RowsetImportEngine.BigIntColumn" />
        <Column name="IoStallWriteMS"  type="RowsetImportEngine.BigIntColumn" />
        <Column name="IoStallMS"  type="RowsetImportEngine.BigIntColumn" />
        <Column name="BytesOnDisk"  type="RowsetImportEngine.BigIntColumn" />
        <Column name="type"    type="RowsetImportEngine.IntColumn" />
        <Column name="type_desc"       type="RowsetImportEngine.VarCharColumn" />
        <Column name="data_space_id"    type="RowsetImportEngine.IntColumn" />
        <Column name="state"    type="RowsetImportEngine.IntColumn" />
        <Column name="state_desc"       type="RowsetImportEngine.VarCharColumn" />
        <Column name="size"    type="RowsetImportEngine.IntColumn" />
        <Column name="max_size"    type="RowsetImportEngine.IntColumn" />
        <Column name="growth"    type="RowsetImportEngine.IntColumn" />
        <Column name="is_sparse"    type="RowsetImportEngine.IntColumn" />
        <Column name="is_percent_growth"    type="RowsetImportEngine.IntColumn" />
      </KnownColumns>
    </Rowset>

    
    <Rowset name="tbl_DM_OS_MEMORY_CACHE_ENTRIES" enabled="true" identifier="-- dm_os_memory_cache_entries" type="RowsetImportEngine.TextRowset">
      <KnownColumns>
        <Column name="rownum" type="RowsetImportEngine.BigIntColumn" length="24" valuetoken="ROWNUMBER" /> 
        <Column name="runtime" type="RowsetImportEngine.DateTimeColumn" /> 
        <Column name="cache_address"       type="RowsetImportEngine.VarCharColumn" /> 
        <Column name="name"  type="RowsetImportEngine.VarCharColumn" /> 
        <Column name="type"    type="RowsetImportEngine.VarCharColumn" /> 
        <Column name="entry_address"       type="RowsetImportEngine.VarCharColumn" /> 
        <Column name="entry_data_address"       type="RowsetImportEngine.VarCharColumn" /> 
        <Column name="in_use_count"    type="RowsetImportEngine.IntColumn" /> 
        <Column name="is_dirty"    type="RowsetImportEngine.IntColumn" /> 
        <Column name="disk_ios_count" type="RowsetImportEngine.IntColumn" /> 
        <Column name="context_switches_count"  type="RowsetImportEngine.BigIntColumn" /> 
        <Column name="original_cost" type="RowsetImportEngine.BigIntColumn" /> 
        <Column name="current_cost"  type="RowsetImportEngine.BigIntColumn" /> 
        <Column name="memory_object_address"   type="RowsetImportEngine.VarCharColumn" /> 
        <Column name="pages_allocated_count"   type="RowsetImportEngine.BigIntColumn" /> 
        <Column name="entry_data"       type="RowsetImportEngine.VarCharColumn" /> 
      </KnownColumns>
    </Rowset>


	  <Rowset name="tbl_DM_OS_MEMORY_CACHE_ENTRIES" enabled="true" identifier="-- sys.dm_os_memory_cache_entries" type="RowsetImportEngine.TextRowset">
		  <KnownColumns>
			  <Column name="rownum" type="RowsetImportEngine.BigIntColumn" length="24" valuetoken="ROWNUMBER" />
			  <Column name="runtime" type="RowsetImportEngine.DateTimeColumn" />
			  <Column name="cache_address"       type="RowsetImportEngine.VarCharColumn" />
			  <Column name="name"  type="RowsetImportEngine.VarCharColumn" />
			  <Column name="type"    type="RowsetImportEngine.VarCharColumn" />
			  <Column name="entry_address"       type="RowsetImportEngine.VarCharColumn" />
			  <Column name="entry_data_address"       type="RowsetImportEngine.VarCharColumn" />
			  <Column name="in_use_count"    type="RowsetImportEngine.IntColumn" />
			  <Column name="is_dirty"    type="RowsetImportEngine.IntColumn" />
			  <Column name="disk_ios_count" type="RowsetImportEngine.IntColumn" />
			  <Column name="context_switches_count"  type="RowsetImportEngine.BigIntColumn" />
			  <Column name="original_cost" type="RowsetImportEngine.BigIntColumn" />
			  <Column name="current_cost"  type="RowsetImportEngine.BigIntColumn" />
			  <Column name="memory_object_address"   type="RowsetImportEngine.VarCharColumn" />
			  <Column name="pages_allocated_count"   type="RowsetImportEngine.BigIntColumn" />
			  <Column name="entry_data"       type="RowsetImportEngine.VarCharColumn" />
		  </KnownColumns>
	  </Rowset>

    <Rowset name="tbl_DM_EXEC_CACHED_PLANS" enabled="true" identifier="-- dm_exec_cached_plans" type="RowsetImportEngine.TextRowset">
      <KnownColumns>
        <Column name="rownum" type="RowsetImportEngine.BigIntColumn" length="24" valuetoken="ROWNUMBER" /> 
        <Column name="runtime" type="RowsetImportEngine.DateTimeColumn" /> 
        <Column name="bucketid"  type="RowsetImportEngine.BigIntColumn" /> 
        <Column name="refcounts" type="RowsetImportEngine.BigIntColumn" /> 
        <Column name="usecounts"  type="RowsetImportEngine.BigIntColumn" /> 
        <Column name="size_in_bytes"   type="RowsetImportEngine.BigIntColumn" /> 
        <Column name="memory_object_address"   type="RowsetImportEngine.VarCharColumn" /> 
        <Column name="cacheobjtype"   type="RowsetImportEngine.VarCharColumn" /> 
        <Column name="objtype"   type="RowsetImportEngine.VarCharColumn" /> 
        <Column name="plan_handle"   type="RowsetImportEngine.VarCharColumn" /> 
        <Column name="dbid"  type="RowsetImportEngine.BigIntColumn" /> 
        <Column name="objectid"  type="RowsetImportEngine.BigIntColumn" /> 
        <Column name="stmt_text"       type="RowsetImportEngine.VarCharColumn" /> 
      </KnownColumns>
    </Rowset>

    <Rowset name="tbl_DM_EXEC_QUERY_STATS" enabled="true" identifier="-- dm_exec_query_stats" type="RowsetImportEngine.TextRowset">
      <KnownColumns>
        <Column name="rownum" type="RowsetImportEngine.BigIntColumn" length="24" valuetoken="ROWNUMBER" /> 
        <Column name="runtime" type="RowsetImportEngine.DateTimeColumn" /> 
        <Column name="sql_handle"   type="RowsetImportEngine.VarCharColumn" /> 
        <Column name="statement_start_offset"  type="RowsetImportEngine.BigIntColumn" /> 
        <Column name="statement_end_offset" type="RowsetImportEngine.BigIntColumn" /> 
        <Column name="plan_generation_num"  type="RowsetImportEngine.BigIntColumn" /> 
        <Column name="plan_handle"   type="RowsetImportEngine.VarCharColumn" /> 
        <Column name="creation_time"   type="RowsetImportEngine.DateTimeColumn" /> 
        <Column name="last_execution_time"   type="RowsetImportEngine.DateTimeColumn" /> 
        <Column name="execution_count"  type="RowsetImportEngine.BigIntColumn" /> 
        <Column name="total_worker_time"  type="RowsetImportEngine.BigIntColumn" /> 
        <Column name="last_worker_time"  type="RowsetImportEngine.BigIntColumn" /> 
        <Column name="min_worker_time"  type="RowsetImportEngine.BigIntColumn" /> 
        <Column name="max_worker_time"  type="RowsetImportEngine.BigIntColumn" /> 
        <Column name="total_physical_reads"  type="RowsetImportEngine.BigIntColumn" /> 
        <Column name="last_physical_reads"  type="RowsetImportEngine.BigIntColumn" /> 
        <Column name="min_physical_reads"  type="RowsetImportEngine.BigIntColumn" /> 
        <Column name="max_physical_reads"  type="RowsetImportEngine.BigIntColumn" /> 
        <Column name="total_logical_writes"  type="RowsetImportEngine.BigIntColumn" /> 
        <Column name="last_logical_writes"  type="RowsetImportEngine.BigIntColumn" /> 
        <Column name="min_logical_writes"  type="RowsetImportEngine.BigIntColumn" /> 
        <Column name="max_logical_writes"  type="RowsetImportEngine.BigIntColumn" /> 
        <Column name="total_logical_reads"  type="RowsetImportEngine.BigIntColumn" /> 
        <Column name="last_logical_reads"  type="RowsetImportEngine.BigIntColumn" /> 
        <Column name="min_logical_reads"  type="RowsetImportEngine.BigIntColumn" /> 
        <Column name="max_logical_reads"  type="RowsetImportEngine.BigIntColumn" /> 
        <Column name="total_clr_time"  type="RowsetImportEngine.BigIntColumn" /> 
        <Column name="last_clr_time"  type="RowsetImportEngine.BigIntColumn" /> 
        <Column name="min_clr_time"  type="RowsetImportEngine.BigIntColumn" /> 
        <Column name="max_clr_time"  type="RowsetImportEngine.BigIntColumn" /> 
        <Column name="total_elapsed_time"  type="RowsetImportEngine.BigIntColumn" /> 
        <Column name="last_elapsed_time"  type="RowsetImportEngine.BigIntColumn" /> 
        <Column name="min_elapsed_time"  type="RowsetImportEngine.BigIntColumn" /> 
        <Column name="max_elapsed_time"  type="RowsetImportEngine.BigIntColumn" /> 
        <Column name="stmt_text"       type="RowsetImportEngine.VarCharColumn" /> 
      </KnownColumns>
    </Rowset>

    <Rowset name="tbl_DM_OS_MEMORY_OBJECTS" enabled="true" identifier="-- dm_os_memory_objects" type="RowsetImportEngine.TextRowset">
      <KnownColumns>
        <Column name="rownum" type="RowsetImportEngine.BigIntColumn" length="24" valuetoken="ROWNUMBER" /> 
        <Column name="runtime" type="RowsetImportEngine.DateTimeColumn" /> 
        <Column name="memory_object_address"   type="RowsetImportEngine.VarCharColumn" /> 
        <Column name="parent_address"   type="RowsetImportEngine.VarCharColumn" /> 
        <Column name="pages_allocated_count"  type="RowsetImportEngine.BigIntColumn" /> 
        <Column name="creation_options" type="RowsetImportEngine.BigIntColumn" /> 
        <Column name="bytes_used"  type="RowsetImportEngine.BigIntColumn" /> 
        <Column name="type"   type="RowsetImportEngine.VarCharColumn" /> 
        <Column name="name"   type="RowsetImportEngine.VarCharColumn" /> 
        <Column name="memory_node_id"  type="RowsetImportEngine.BigIntColumn" /> 
        <Column name="creation_time" type="RowsetImportEngine.DateTimeColumn" /> 
        <Column name="page_size_in_bytes"   type="RowsetImportEngine.BigIntColumn" /> 
        <Column name="max_pages_allocated_count"   type="RowsetImportEngine.BigIntColumn" /> 
        <Column name="page_allocator_address"   type="RowsetImportEngine.VarCharColumn" /> 
        <Column name="creation_stack_address"   type="RowsetImportEngine.VarCharColumn" /> 
        <Column name="sequence_num"  type="RowsetImportEngine.BigIntColumn" /> 
      </KnownColumns>
    </Rowset>

    <Rowset name="tbl_DM_EXEC_CONNECTIONS" enabled="true" identifier="-- dm_exec_connections" type="RowsetImportEngine.TextRowset">
      <KnownColumns>
        <Column name="rownum" type="RowsetImportEngine.BigIntColumn" length="24" valuetoken="ROWNUMBER" /> 
        <Column name="runtime" type="RowsetImportEngine.DateTimeColumn" /> 
        <Column name="session_id"  type="RowsetImportEngine.BigIntColumn" /> 
        <Column name="most_recent_session_id" type="RowsetImportEngine.BigIntColumn" /> 
        <Column name="connect_time" type="RowsetImportEngine.DateTimeColumn" /> 
        <Column name="net_transport"   type="RowsetImportEngine.VarCharColumn" /> 
        <Column name="protocol_type"   type="RowsetImportEngine.VarCharColumn" /> 
        <Column name="protocol_version"  type="RowsetImportEngine.BigIntColumn" /> 
        <Column name="endpoint_id"  type="RowsetImportEngine.BigIntColumn" /> 
        <Column name="encrypt_option"   type="RowsetImportEngine.VarCharColumn" /> 
        <Column name="auth_scheme"   type="RowsetImportEngine.VarCharColumn" /> 
        <Column name="node_affinity"  type="RowsetImportEngine.BigIntColumn" /> 
        <Column name="num_reads"  type="RowsetImportEngine.BigIntColumn" /> 
        <Column name="num_writes"  type="RowsetImportEngine.BigIntColumn" /> 
        <Column name="last_read" type="RowsetImportEngine.DateTimeColumn" /> 
        <Column name="last_write" type="RowsetImportEngine.DateTimeColumn" /> 
        <Column name="net_packet_size"  type="RowsetImportEngine.BigIntColumn" /> 
        <Column name="client_net_address"   type="RowsetImportEngine.VarCharColumn" /> 
        <Column name="client_tcp_port"  type="RowsetImportEngine.BigIntColumn" /> 
        <Column name="local_net_address"   type="RowsetImportEngine.VarCharColumn" /> 
        <Column name="local_tcp_port"  type="RowsetImportEngine.BigIntColumn" /> 
        <Column name="connection_id"   type="RowsetImportEngine.VarCharColumn" /> 
        <Column name="parent_connection_id"   type="RowsetImportEngine.VarCharColumn" /> 
        <Column name="most_recent_sql_handle"   type="RowsetImportEngine.VarCharColumn" /> 
      </KnownColumns>
    </Rowset>

    <Rowset name="tbl_TopNCPUByQueryHash" enabled="true" identifier="-- top 10 CPU by query_hash" type="RowsetImportEngine.TextRowset">
      <KnownColumns>
        <Column name="runtime" type="RowsetImportEngine.DateTimeColumn" />
        <Column name="query_hash"       type="RowsetImportEngine.VarCharColumn" />
        <Column name="disctinct query_plan_hash count"    type="RowsetImportEngine.IntColumn" />
        <Column name="execution_count"  type="RowsetImportEngine.IntColumn" />
        <Column name="total_worker_time"   type="RowsetImportEngine.BigIntColumn" />
        <Column name="total_elapsed_time" type="RowsetImportEngine.BigIntColumn" />
        <Column name="total_logical_reads"  type="RowsetImportEngine.BigIntColumn" />
        <Column name="sample_statement_text"     type="RowsetImportEngine.VarCharColumn" />
      </KnownColumns>
    </Rowset>


    <Rowset name="tbl_TopNLogicalReadsByQueryHash" enabled="true" identifier="-- top 10 logical reads by query_hash" type="RowsetImportEngine.TextRowset">
      <KnownColumns>
        <Column name="runtime" type="RowsetImportEngine.DateTimeColumn" />
        <Column name="query_hash"       type="RowsetImportEngine.VarCharColumn" />
        <Column name="disctinct query_plan_hash count"    type="RowsetImportEngine.IntColumn" />
        <Column name="execution_count"  type="RowsetImportEngine.IntColumn" />
        <Column name="total_worker_time"   type="RowsetImportEngine.BigIntColumn" />
        <Column name="total_elapsed_time" type="RowsetImportEngine.BigIntColumn" />
        <Column name="total_logical_reads"  type="RowsetImportEngine.BigIntColumn" />
        <Column name="sample_statement_text"     type="RowsetImportEngine.VarCharColumn" />
      </KnownColumns>
    </Rowset>

    <Rowset name="tbl_TopNDurationByQueryHash" enabled="true" identifier="-- top 10 elapsed time by query_hash" type="RowsetImportEngine.TextRowset">
      <KnownColumns>
        <Column name="runtime" type="RowsetImportEngine.DateTimeColumn" />
        <Column name="query_hash"       type="RowsetImportEngine.VarCharColumn" />
        <Column name="disctinct query_plan_hash count"    type="RowsetImportEngine.IntColumn" />
        <Column name="execution_count"  type="RowsetImportEngine.IntColumn" />
        <Column name="total_worker_time"   type="RowsetImportEngine.BigIntColumn" />
        <Column name="total_elapsed_time" type="RowsetImportEngine.BigIntColumn" />
        <Column name="total_logical_reads"  type="RowsetImportEngine.BigIntColumn" />
        <Column name="sample_statement_text"     type="RowsetImportEngine.VarCharColumn" />
      </KnownColumns>
    </Rowset>


    <Rowset name="tbl_MissingIndexes" enabled="true" identifier="-- Missing Indexes --" type="RowsetImportEngine.TextRowset">
      <KnownColumns>
        <Column name="runtime" type="RowsetImportEngine.DateTimeColumn" />
        <Column name="index_group_handle"       type="RowsetImportEngine.VarCharColumn" />
        <Column name="index_handle"    type="RowsetImportEngine.VarCharColumn" />
        <Column name="improvement_measure"  type="RowsetImportEngine.FloatColumn" />
        <Column name="create_index_statement"  type="RowsetImportEngine.VarCharColumn" />
        <Column name="group_handle" type="RowsetImportEngine.VarCharColumn" />
        <Column name="unique_compiles" type="RowsetImportEngine.BigIntColumn" />
        <Column name="user_seeks" type="RowsetImportEngine.BigIntColumn" />
        <Column name="user_scans" type="RowsetImportEngine.BigIntColumn" />
        <Column name="last_user_seek" type="RowsetImportEngine.DateTimeColumn" />
        <Column name="last_user_scan" type="RowsetImportEngine.DateTimeColumn" />
        <Column name="avg_total_user_cost" type="RowsetImportEngine.FloatColumn" />
        <Column name="avg_user_impact" type="RowsetImportEngine.FloatColumn" />
        <Column name="system_seeks" type="RowsetImportEngine.BigIntColumn" />
        <Column name="system_scans" type="RowsetImportEngine.BigIntColumn" />
        <Column name="last_system_seek" type="RowsetImportEngine.DateTimeColumn" />
        <Column name="last_system_scan" type="RowsetImportEngine.DateTimeColumn" />
        
        <Column name="avg_total_system_cost" type="RowsetImportEngine.FloatColumn" />
        <Column name="avg_system_impact" type="RowsetImportEngine.FloatColumn" />
        <Column name="database_id" type="RowsetImportEngine.BigIntColumn" />
        <Column name="object_id" type="RowsetImportEngine.BigIntColumn" />
      </KnownColumns>
    </Rowset>



    <Rowset name="tbl_dm_db_stats_properties" enabled="true" identifier="-- sys.dm_db_stats_propertiesr for" type="RowsetImportEngine.TextRowset">
      <KnownColumns>
        <Column name="database_name"       type="RowsetImportEngine.VarCharColumn" />
        <Column name="Object_Name"    type="RowsetImportEngine.VarCharColumn" />
        <Column name="object_id" type="RowsetImportEngine.IntColumn" />
        <Column name="stats_id" type="RowsetImportEngine.IntColumn" />
        <Column name="name" type="RowsetImportEngine.VarCharColumn" />
        <Column name="filter_definition" type="RowsetImportEngine.VarCharColumn" />
        <Column name="last_updated" type="RowsetImportEngine.DateTimeColumn" />
        <Column name="rows" type="RowsetImportEngine.BigIntColumn" />
        <Column name="rows_sampled" type="RowsetImportEngine.BigIntColumn" />
        <Column name="steps" type="RowsetImportEngine.IntColumn" />
        <Column name="unfiltered_rows" type="RowsetImportEngine.BigIntColumn" />
        <Column name="modification_counter" type="RowsetImportEngine.BigIntColumn" />
        </KnownColumns>
    </Rowset>

    <Rowset name="tbl_SYSINDEXES" enabled="true" identifier="-- STATS_DATE and rowmodctr" type="RowsetImportEngine.TextRowset">
      <Column name="dbid" type="RowsetImportEngine.IntColumn" />
      <Column name="id" type="RowsetImportEngine.IntColumn" />
      <Column name="indid" type="RowsetImportEngine.IntColumn" />
      <Column name="name" type="RowsetImportEngine.NVarCharColumn" />
      <Column name="minlen" type="RowsetImportEngine.IntColumn" />
      <Column name="dpages" type="RowsetImportEngine.IntColumn" />
      <Column name="reserved" type="RowsetImportEngine.IntColumn" />
      <Column name="used" type="RowsetImportEngine.IntColumn" />
      <Column name="rowcnt" type="RowsetImportEngine.IntColumn" />
      <Column name="rowmodctr" type="RowsetImportEngine.BigIntColumn" />
      <Column name="row_mod2" type="RowsetImportEngine.BigIntColumn" />
      <Column name="stats_updated" type="RowsetImportEngine.DateTimeColumn" />
      
    </Rowset>

      <Rowset name="tbl_OS_WAIT_STATS" enabled="true" identifier="-- dm_db_wait_stats" type="RowsetImportEngine.TextRowset">
            <Column name="rownum" type="RowsetImportEngine.BigIntColumn" length="24" valuetoken="ROWNUMBER" /> 
            <Column name="runtime" type="RowsetImportEngine.DateTimeColumn" /> 
            <Column name="waiting_tasks_count" type="RowsetImportEngine.BigIntColumn" /> 
            <Column name="wait_time_ms" type="RowsetImportEngine.BigIntColumn" /> 
            <Column name="max_wait_time_ms" type="RowsetImportEngine.BigIntColumn" /> 
            <Column name="signal_wait_time_ms" type="RowsetImportEngine.BigIntColumn" /> 
    </Rowset>

   <Rowset name="tbl_RESOURCE_STATS" enabled="true" identifier="-- sys.resource_stats" type="RowsetImportEngine.TextRowset">
	   <Column name="rownum" type="RowsetImportEngine.BigIntColumn" length="24" valuetoken="ROWNUMBER" /> 
           <Column name="database_name" type="RowsetImportEngine.VarCharColumn" /> 
	   <Column name="start_time" type="RowsetImportEngine.DateTimeColumn" /> 
	   <Column name="Average_CPU_Cores_Used" type="RowsetImportEngine.FloatColumn" />                 
	   <Column name="Maximum_CPU_Cores_Used" type="RowsetImportEngine.FloatColumn" />                  
	   <Column name="Average_Read_IOPS" type="RowsetImportEngine.FloatColumn" />                       
	   <Column name="Maximum_Read_IOPS" type="RowsetImportEngine.FloatColumn" />                       
	   <Column name="Average_Write_IOPS" type="RowsetImportEngine.FloatColumn" />                     
	   <Column name="Maximum_Write_IOPS" type="RowsetImportEngine.FloatColumn" />                      
	   <Column name="Average_Memory_Used_GB" type="RowsetImportEngine.FloatColumn" />               
	   <Column name="Maximum_Memory_Used_GB" type="RowsetImportEngine.FloatColumn" />               
	   <Column name="Average_Session_Count" type="RowsetImportEngine.IntColumn" /> 
	   <Column name="Maximum_Session_Count" type="RowsetImportEngine.IntColumn" /> 
	   <Column name="Average_Workers_Count" type="RowsetImportEngine.IntColumn" /> 
	   <Column name="Maximum_Workers_Count" type="RowsetImportEngine.IntColumn" />
    </Rowset>
    
    <Rowset name="tbl_RESOURCE_USAGE" enabled="true" identifier="-- sys.resource_usage" type="RowsetImportEngine.TextRowset">
    	   <Column name="rownum" type="RowsetImportEngine.BigIntColumn" length="24" valuetoken="ROWNUMBER" /> 
           <Column name="database_name" type="RowsetImportEngine.VarCharColumn" /> 
    	   <Column name="start_time" type="RowsetImportEngine.DateTimeColumn" /> 
    	   <Column name="Average_usage_in_seconds" type="RowsetImportEngine.IntColumn" />                 
    	   <Column name="Average_storage_in_megabytes" type="RowsetImportEngine.FloatColumn" />                           
    </Rowset>

    
    <Rowset name="tbl_DB_CONN_STATS" enabled="true" identifier="-- sys.database_connection_stats" type="RowsetImportEngine.TextRowset">   
            <Column name="rownum" type="RowsetImportEngine.BigIntColumn" length="24" valuetoken="ROWNUMBER" /> 
            <Column name="database_name" type="RowsetImportEngine.VarCharColumn" /> 
            <Column name="start_time" type="RowsetImportEngine.DateTimeColumn" /> 
            <Column name="end_time" type="RowsetImportEngine.DateTimeColumn" /> 
	    <Column name="success_count" type="RowsetImportEngine.IntColumn" />     	
	    <Column name="total_failure_count" type="RowsetImportEngine.IntColumn" />     	
	    <Column name="connection_failure_count" type="RowsetImportEngine.IntColumn" />     	
	    <Column name="terminated_failure_count" type="RowsetImportEngine.IntColumn" />     	
	    <Column name="throttled_failure_count" type="RowsetImportEngine.IntColumn" />     	
	    
    </Rowset>

    <Rowset name="tbl_EVENT_LOG" enabled="true" identifier="-- sys.event_log" type="RowsetImportEngine.TextRowset">
	   <Column name="rownum" type="RowsetImportEngine.BigIntColumn" length="24" valuetoken="ROWNUMBER" /> 
           <Column name="database_name" type="RowsetImportEngine.VarCharColumn" /> 
	   <Column name="start_time" type="RowsetImportEngine.DateTimeColumn" /> 
	   <Column name="end_time" type="RowsetImportEngine.DateTimeColumn" /> 
	   <Column name="event_category" type="RowsetImportEngine.NVarCharColumn" length="64" /> 
	   <Column name="event_type" type="RowsetImportEngine.NVarCharColumn" length="64" />
	   <Column name="event_subtype" type="RowsetImportEngine.IntColumn" /> 
	   <Column name="event_subtype_desc" type="RowsetImportEngine.NVarCharColumn" length="64" />
	   <Column name="severity" type="RowsetImportEngine.IntColumn" /> 
	   <Column name="event_count" type="RowsetImportEngine.IntColumn" /> 
	   <Column name="description" type="RowsetImportEngine.NVarCharColumn" /> 
	   <Column name="additional_data" type="RowsetImportEngine.VarCharColumn" length="8000" />       
    </Rowset>
    

    <Rowset name="tbl_sp_configure" enabled="true" identifier=" -> sp_configure" type="RowsetImportEngine.TextRowset">
        
    </Rowset>

    <Rowset name="tbl_dm_os_memory_brokers" enabled="true" identifier="-- dm_os_memory_brokers --" type="RowsetImportEngine.TextRowset">
      <Column name="runtime" type="RowsetImportEngine.DateTimeColumn" />
    </Rowset>

    <Rowset name="tbl_dm_exec_query_memory_grants" enabled="true" identifier="-- dm_exec_query_memory_grants --" type="RowsetImportEngine.TextRowset">
      <Column name="runtime" type="RowsetImportEngine.DateTimeColumn" />
    </Rowset>


    <Rowset name="tbl_dm_exec_query_resource_semaphores" enabled="true" identifier="-- dm_exec_query_resource_semaphores --" type="RowsetImportEngine.TextRowset">
      <Column name="runtime" type="RowsetImportEngine.DateTimeColumn" />
    </Rowset>

    <Rowset name="tbl_Query_Execution_Memory" enabled="true" identifier="-- query execution memory --" type="RowsetImportEngine.TextRowset">
      <Column name="runtime" type="RowsetImportEngine.DateTimeColumn" />
    </Rowset>

    <Rowset name="tbl_TopN_QueryPlanStats" enabled="true" identifier="-- Top N Query Plan Statistics --" type="RowsetImportEngine.TextRowset">
      <Column name="runtime" type="RowsetImportEngine.DateTimeColumn" />
    </Rowset>

    <Rowset name="tbl_workingset_trimming" enabled="true" identifier="-- memory_workingset_trimming" type="RowsetImportEngine.TextRowset">
      <Column name="runtime" type="RowsetImportEngine.DateTimeColumn" />
    </Rowset>


  <Rowset name="tbl_PowerPlan" enabled="true" identifier="--- Power Plan ---" type="RowsetImportEngine.TextRowset">
           <Column name="ActivePlanName" type="RowsetImportEngine.VarCharColumn" /> 
 </Rowset>


    <Rowset name="tbl_ThreadStats" enabled="true" identifier="-- Thread Statistics" type="RowsetImportEngine.TextRowset">
      <Column name="runtime" type="RowsetImportEngine.DateTimeColumn"/>
      <Column name="os_thread_id" type="RowsetImportEngine.BigIntColumn" />
      <Column name="scheduler_id" type="RowsetImportEngine.BigIntColumn" />
      <Column name="session_id" type="RowsetImportEngine.BigIntColumn" />
      <Column name="request_id" type="RowsetImportEngine.BigIntColumn" />
      <Column name="command" type="RowsetImportEngine.NVarCharColumn" length="1024" />
      <Column name="cpu_time" type="RowsetImportEngine.BigIntColumn" />
      <Column name="logical_reads" type="RowsetImportEngine.BigIntColumn" />
      <Column name="total_elapsed_time" type="RowsetImportEngine.BigIntColumn" />
      <Column name="QueryText" type="RowsetImportEngine.NVarCharColumn" length="4000" />

    </Rowset>

    


  </KnownRowsets>
</TextImport>


